{
  "linear_regression": {
    "mae": 0.07924256793551769,
    "rmse": 0.12611546193832096,
    "r2": 0.9999744137389366
  },
  "random_forest": {
    "mae": 0.13118580326026094,
    "rmse": 0.1986285365855006,
    "r2": 0.99993653220027
  }
}